l_english:
  # States
  # Add in once all are listed in loc_temp
  # Easier to see which haven't been done this way
  STATE_INNOCENCE_LOST:0 "Innocence Lost"
  STATE_TUSAYAN:0 "Tusayan"
  STATE_TWIN_MOTHERS:0 "Twin Mothers"
  STATE_ROCKY_FORD:0 "Rocky Ford"
  STATE_CEDARWOOD:0 "Cedarwood"
  STATE_BAPTIST'S_REST:0 "Baptist's Rest"
  STATE_HEAVEN'S_GATE:0 "Heaven's Gate"
  STATE_HOLY_VALLEY:0 "Holy Valley"
  STATE_THE_STEAM:0 "The Steam"
  STATE_PUERTO_PENASCO:0 "Puerto Peñasco"
  STATE_SALTON_CITY:0 "Salton City"
  STATE_MEXICALI:0 "Mexicali"
  STATE_HOPEVILLE:0 "Hopeville"
  VICTORY_POINTS_6590:0 "Mountain Springs"
  STATE_PEACH_SPRINGS:0 "Peach Springs"
  STATE_REDROCK:0 "Redrock"
  STATE_COLONET:0 "Colonet"
  STATE_HIDDEN_BUNKER:0 "Hidden Valley"
  STATE_MOJAVE_OUTPOST:0 "Nipton"
  VICTORY_POINTS_6608:0 "Mojave Outpost"
  VICTORY_POINTS_3238: "Nipton"
  VICTORY_POINTS_5763: "REPCONN Test Site"
  STATE_COTTONWOOD_COVE:0 "Cottonwood Cove"
  STATE_DRY_WELLS:0 "Dry Wells"
  STATE_BITTER_SPRINGS:0 "Bitter Springs"
  STATE_NORTH_PASSAGE:0 "North Passage"
  STATE_VAULT_3:0 "Vault 3"
  STATE_THE_DEN:0 "The Den"
  STATE_TOMBSTONE:0 "Tombstone"
  STATE_GREATER_DAYGLOW_AREA:0 "Greater Dayglow"
  STATE_GECKO:0 "Gecko"
  STATE_LONG_15:0 "Long 15"
  STATE_RAINBOW_WELLS:0 "Rainbow Wells"
  STATE_LAGUNA_TIP:0 "Goat Canyon"
  STATE_LAGUNA_MOUNTAINS:0 "Northern Laguna Range"
  STATE_SILVER_CITY:0 "Silver City"
  STATE_BLACK_CANYON:0 "Black Canyon"
  STATE_MT_GRAHAM:0 "Mt. Graham"
  STATE_TEMPLE_OF_TRIALS:0 "Temple of Trials"
  STATE_LA_PAZ:0 "La Paz"
  STATE_AGUA_CALIENTE:0 "Agua Caliente"
  STATE_MODOC:0 "Modoc"
  STATE_LOS_ALGODONES:0 "Los Algodones"
  STATE_HACHITA_POINT:0 "Hachita Point"
  STATE_HOPI:0 "Hopi"
  STATE_SACREMENTO:0 "Sac-City"
  STATE_BAHI_ASUNCION:0 "Bahi Asuncion"
  STATE_REDDING:0 "Redding"
  STATE_PINACATE:0 "Pinacate"
  STATE_CHEMEHUEVI:0 "Chemehuevi"
  STATE_WOODLAKE:0 "Woodlake"
  STATE_NELLIS_AFB:0 "Nellis AFB"
  STATE_LOST_HILLS_BUNKER:0 "Lost Hills Bunker"
  STATE_VALLE_DE_LOS_CIRIOS:0 "Valle de los Cirios"
  STATE_SAN_FRANCISCO:0 "San Francisco"
  STATE_PAYMASTER_LANDING:0 "Paymaster Landing"
  STATE_EL_MARRON:0 "El Marron"
  STATE_GRAY_MOUNTAIN:0 "Gray Mountain"
  STATE_LA_YAQUI:0 "La Yaqui"
  STATE_HAYFIELD:0 "Hayfield"
  STATE_MESA:0 "Mesa"
  STATE_BROKEN_HILLS:0 "Broken Hills"
  STATE_NEW_VEGAS:0 "New Vegas"
  STATE_SWIFTFOOT_TRIBELANDS:0 "Swiftfoot"
  STATE_APACHE_TRIBELANDS:0 "Apache"
  STATE_THE_PASS:0 "The Pass"
  STATE_BLACKFOOT_TRIBELANDS:0 "Blackfoot"
  STATE_GANADO:0 "Ganado"
  STATE_HILLTOP:0 "Hilltop"
  STATE_HORNPEAK:0 "Hornpeak"
  STATE_HOOVER_DAM:0 "Hoover Dam"
  STATE_ANTIOCH:0 "Antioch"
  STATE_SHADY_SANDS:0 "Shady Sands"
  STATE_10-SIGNS:0 "10-Signs"
  STATE_GALLUP:0 "Gallup"
  STATE_TUMBLEHOME:0 "Tumblehome"
  STATE_NEW_RENO:0 "New Reno"
  STATE_THREE-ROADS:0 "Three-Roads"
  STATE_VAULT_CITY:0 "Vault City"
  STATE_PALM_SPRINGS:0 "Palm Springs"
  STATE_RANDSBURG:0 "Randsburg"
  STATE_GOLGOTHA:0 "Golgotha"
  STATE_BEARS_FLAT_TRIBELANDS:0 "Bears Flat"
  STATE_JACOBSTOWN:0 "Jacobstown"
  STATE_KINGMAN:0 "Kingman"
  STATE_TONTO_TRIBELANDS:0 "Tonto"
  STATE_GUAYCURA:0 "Guaycura"
  STATE_SAGUARO:0 "Saguaro"
  STATE_ORO_VALLEY:0 "Oro Valley"
  STATE_RUBY_HILL:0 "Ruby Hill"
  STATE_PRESCOTT_TRIBELANDS:0 "Prescott"
  STATE_FORTIFICATION_HILL:0 "Fortification Hill"
  STATE_HIDEBARK_TRIBELANDS:0 "Hidebark"
  STATE_POSTON:0 "Poston"
  STATE_SONORAN:0 "Sonoran"
  STATE_PHREYS_PEAK:0 "Phrey's Peak"
  STATE_GILA:0 "Gila"
  STATE_TIJUANA:0 "Tijuana"
  STATE_WHITE_SANDS:0 "White Sands"
  STATE_QUERNADO:0 "Quernado"
  STATE_HELIOS_ONE:0 "Helios One"
  STATE_CIBECUE:0 "Cibecue"
  STATE_NEEDLES:0 "Needles"
  STATE_FREDONIAN_TRIBELANDS:0 "Fredonian"
  STATE_SANDPOINT_TRIBELANDS:0 "Sandpoint"
  STATE_KLAMATH:0 "Klamath"
  STATE_VALLEY_OF_THE_NAMES:0 "Valley of the Names"
  STATE_SANTA_ROSALIA:0 "Santa Rosalia"
  STATE_BLUEFATHER_TRIBELANDS:0 "Bluefather"
  STATE_COCONINO:0 "Coconino"
  STATE_BLYTHE:0 "Blythe"
  STATE_ZUNI:0 "Zuni"
  STATE_SALT-BEARER_TRIBELANDS:0 "Salt-Bearer"
  STATE_TWO_SUN:0 "Two Sun"
  STATE_YUMA:0 "Yuma"
  STATE_NORTH_PHOENIX:0 "North Phoenix"
  STATE_SOUTH_PHOENIX:0 "South Phoenix"
  STATE_FLAGSTAFF:0 "Flagstaff"
  STATE_RED_SUN_CITY:0 "Red Sun City"
  STATE_EL_MALPAIS:0 "El Malpais"
  STATE_NAVARRO:0 "Navarro"
  STATE_GOODSPRINGS:0 "Goodsprings"
  STATE_BLACK_MOUNTAIN:0 "Black Mountain"
  STATE_RED_SUN_TRIBELANDS:0 "Old Sun"
  STATE_WUPATKI:0 "Wupatki"
  STATE_OCOTILLO:0 "Ocotillo"
  STATE_STABLES:0 "Stables"
  STATE_NOGALES:0 "Nogales"
  STATE_DANA_POINT:0 "Dana Point"
  STATE_ASHTON:0 "Ashton"
  STATE_GOLDEN_VALLEY:0 "Golden Valley"
  STATE_NOSEBREAKER_TRIBELANDS:0 "Nosebreaker"
  STATE_WIKIEUP:0 "Wikieup"
  STATE_BOULDER_CITY:0 "Boulder City"
  VICTORY_POINTS_6989:0 "Camp McCarran"
  STATE_WINGSON:0 "Wingson"
  STATE_GAUDALUPE_PEAK:0 "Gaudalupe Peak"
  STATE_HOLLOMAN:0 "Holloman"
  STATE_ROSWELL:0 "Roswell"
  STATE_LONGKNIFE: "Longknife"
  STATE_EDGEWOOD:0 "Edgewood"
  STATE_ROSSWELL_RUINS:0 "Rosswell Ruins"
  STATE_CLAUNCH:0 "Claunch"
  STATE_SUN_DOG:0 "Sun Dog"
  STATE_BERNALILLO:0 "Bernalillo"
  STATE_MONAHAMS:0 "Monahams"
  STATE_FROGMEN:0 "Frogmen"
  STATE_PLAINSRUNNERS:0 "Plainsrunners"
  STATE_60-SIGNS:0 "60-Signs"
  STATE_FORT_CLOVIS:0 "Fort Clovis"
  STATE_FORT_SUMMERS:0 "Fort Summers"
  STATE_SHOETAKERS:0 "Shoetakers"
  STATE_TUCUMACRI:0 "Tucumacri"
  STATE_OLD_VEGAS:0 "Old Vegas"
  STATE_MORA:0 "Mora"
  STATE_WHEELBREAKERS:0 "Wheelbreakers"
  STATE_BELLS_RANCH:0 "Bells Ranch"
  STATE_LOGANS-FALL:0 "Logans-Fall"
  STATE_BLACKSUN:0 "Blacksun"
  STATE_NINEFINGERS:0 "Ninefingers"
  STATE_SKINWALKERS:0 "Skinwalkers"
  STATE_TAOS_RUINS:0 "Taos Ruins"
  STATE_SUN_LUIS_VALLEY:0 "Sun Luis Valley"
  STATE_BASTION:0 "Bastion"
  STATE_STEMLORD:0 "Stemlord"
  STATE_ULTIMO:0 "Ultimo"
  STATE_PLANTA_GRUPO:0 "Planta Grupo"
  STATE_PUERTO_LIBERTAD:0 "Puerto Libertad"
  STATE_HERMOSILLO:0 "Hermosillo"
  STATE_OPUTO:0 "Oputo"
  STATE_GENTE_CITY:0 "Gente City"
  STATE_HUACHINERA:0 "Huachinera"
  STATE_SUAQUI_GRANDE:0 "Suaquai Grande"
  STATE_TIERRA_CITY:0 "Tierra City"
  STATE_BACERAC:0 "Bacerac"
  STATE_NIXSON:0 "Nixon"
  STATE_CORRALITOS:0 "Corralitos"
  STATE_LOS_BAJIOS:0 "Los Bajios"
  STATE_NUEVO_GALEANA:0 "Nueveo Galeana"
  STATE_EL_TERRERO:0 "El Terrero"
  STATE_LOS_LAMENTOS:0 "Los Lamentos"
  STATE_EL_MEZQUITE:0 "El Mezquite"
  STATE_BENITO_JUAREZ:0 "Benito Juárez"
  STATE_JAGUEYES:0 "Jagueyes"
  STATE_LA_JUNTA:0 "La Junta"
  STATE_CIUDAD_CUAUHTEMOC:0 "Ciudad Cuauhtemoc"
  STATE_VALLE_DE_ZARAGOZA:0 "Valle de Zaragoza"
  STATE_CHIHUAHUA:0 "Chihuahua"
  STATE_OJINAGA:0 "Ojinaga"
  STATE_TABALOAPA:0 "Tabaloapa"
  STATE_VAN_HORN:0 "Van Horn"
  STATE_TERLINGUA:0 "Terlingua"
  STATE_PECOS:0 "Pecos"
  STATE_MARFA:0 "Marfa"
  STATE_TWIN_FALLS:0 "Twin Falls"
  STATE_MAXSON_BUNKER:0 "Maxson Bunker"
  STATE_VILLEGREEN:0 "Villegreen"
  STATE_WALSH:0 "Walsh"
  STATE_MARS_VALLEY:0 "Mars Valley"
  STATE_THE_JUNCTION:0 "The Junction"
  STATE_WARLAND:0 "Warland"
  STATE_NEW_STERLING:0 "New Sterling"
  STATE_PEETZ:0 "Peetz"
  STATE_HOLYOKE:0 "Holyoke"
  STATE_PUEBLO_CITY:0 "Pueblo City"
  STATE_CROWS_LAND:0 "Crows Land"
  STATE_BULLDOG_VALLEY:0 "Bulldog Valley"
  STATE_FAIRPLAY:0 "Fairplay"
  STATE_COLORADO_SPRINGS:0 "Colorado Springs"
  STATE_WIGWAM:0 "Wigwam"
  STATE_CASTLE_ROCK:0 "Castle Rock"
  STATE_KIOWA:0 "Kiowa"
  STATE_SCRAGGY_PEAK:0 "Scraggy Peak"
  STATE_BOULDER:0 "Boulder"
  STATE_FORT_LUPTON:0 "Fort Lupton"
  STATE_LAST_HOUND:0 "Last Hound"
  STATE_FORT_COLLINS:0 "Fort Collins"
  STATE_CHUGWATER:0 "Chugwater"
  STATE_CHEYENNE:0 "Cheyenne"
  STATE_LARAMIE:0 "Laramie"
  STATE_RED_MOUNTAIN:0 "Red Mountain"
  STATE_HOUNDLANDS:0 "Houndlands"
  STATE_SIDNEY:0 "Sidney"
  STATE_RAYMER:0 "Raymer"
  STATE_ATWOOD:0 "Atwood"
  STATE_AVALO:0 "Avalo"
  STATE_SCOTTSBLUFF:0 "Scottsbluff"
  STATE_WILCOX:0 "Wilcox"
  STATE_SARATOGA:0 "Saratoga"
  STATE_LEOSTAND:0 "Leostand"
  STATE_CASPER_MOUNTAIN:0 "Casper Mountain"
  STATE_DOG_CITY:0 "Dog City"
  STATE_RED_MESA:0 "Red Mesa"
  STATE_SAN_LUIS_VALLEY:0 "San Luis Valley"
  STATE_LAMAR:0 "Lamar"
  STATE_ROUTE_95:0 "Route 95"
  STATE_WILLOW_BEACH:0 "Willow Beach"
  STATE_BONELLI_LANDING:0 "Bonelli Landing"
  STATE_WEATHER_MONITORING_STATION:0 "Weather Monitoring Station"
  STATE_DINOSAUR_CAVERNS:0 "Dinosaur Caverns"
  STATE_STORM_CREEK:0 "Storm Creek"
  STATE_NEW_CORTEZ:0 "New Cortez"
  STATE_DOVE_CREEK:0 "Dove Creek"
  STATE_ABAJO_MOUNTAINS:0 "Abajo Mountains"
  STATE_OLD_RIFLE:0 "Old Rifle"
  STATE_ROAN_PLATEAU:0 "Roan Plateau"
  VICTORY_POINTS_6542:0 "Moab"
  STATE_MEEKER:0 "Meeker"
  STATE_MARBLE_CANYON:0 "Marble Canyon"
  STATE_PAINTED_DESERT:0 "Painted Desert"
  STATE_PAGE:0 "Page"
  STATE_PAINTED_PEAK:0 "Painted Peak"
  STATE_CHINLE:0 "Chinle"
  STATE_BLOOMFIELDS:0 "Bloomfields"
  STATE_CHACO_MESA:0 "Chaco Mesa"
  STATE_TIERRA_AMARILLA:0 "Tierra Amarilla"
  STATE_OLD_CORTEZ:0 "Old Cortez"
  STATE_NEW_NAVAJO:0 "New Navajo"
  STATE_PAGOSA_SPRINGS:0 "Pagosa Springs"
  STATE_DEL_NORTE:0 "Del Norte"
  STATE_SAN_JUAN_MOUNTAINS:0 "San Juan Mountains"
  STATE_GEORGES_TOWN:0 "George's Town"
  STATE_VAILS_REACH:0 "Vail's Reach"
  STATE_LEADVILLE:0 "Leadville"
  STATE_GORE_RANGE:0 "Gore Range"
  STATE_SALIDA:0 "Salida"
  STATE_LA_GARITA:0 "La Garita"
  STATE_SAWATCH_RANGE:0 "Sawatch Range"
  STATE_GLENWOOD_SPRINGS:0 "Glenwood Springs"
  STATE_NEW_MONTROSE:0 "New Montrose"
  STATE_EAGLE_MOUNTAIN:0 "Eagle Mountain"
  STATE_NEEDLES:0 "Needles"
  STATE_CIMA:0 "Cima"
  STATE_KINGSTON_RANGE:0 "Kingston Range"
  STATE_CLARK_MOUNTAIN:0 "Clark Mountain"
  STATE_RENOVILLE:0 "Renoville"
  STATE_BAKER:0 "Baker"
  STATE_LANDERS:0 "Landers"
  STATE_MOJAVE_BASE:0 "Mojave Base"
  STATE_BARSTOW:0 "Barstow"
  STATE_AREA_6:0 "Area 6"
  STATE_COYOTE_SPRINGS:0 "Coyote Springs"
  STATE_DESERT_PASS:0 "Desert Pass"
  STATE_CRYSTAL_SPRINGS:0 "Crystal Springs"
  STATE_AREA_51:0 "Area 51"
  STATE_SORROW_RIDGE:0 "Sorrow Ridge"
  STATE_MOUNT_DUTTON:0 "Mount Dutton"
  STATE_BLUE_BELL_KNOLL:0 "Blue Bell Knoll"
  STATE_MOUNT_DELANO:0 "Mount Delano"
  STATE_JUNCTION_RANGE:0 "Junction Range"
  STATE_LOA_RANGE:0 "Loa Range"
  STATE_MOUNT_CATHERINE:0 "Mount Catherine"
  STATE_MOUNT_ELLEN:0 "Mount Ellen"
  STATE_SOUTH_TENT:0 "South Tent"
  STATE_BRUIN_POINT:0 "Bruin Point"
  STATE_TAVAPUTS:0 "Tevaputs"
  STATE_UINTA_MOUNTAINS:0 "Uinta Mountains"
  STATE_ZION_MOUNTAIN:0 "Zion Mountain"
  STATE_TEMPLE_MOUNT:0 "Temple Mount"
  STATE_LOGAN_ROCK:0 "Logan Rock"
  STATE_GROUSE:0 "Grouse"
  STATE_DEEP_CREEK:0 "Deep Creek"
  STATE_DELTA_RIDGE:0 "Delta Ridge"
  STATE_NEVADA_RANGE:0 "Nevada Range"
  STATE_MINERAL_MOUNTAINS:0 "Mineral Mountains"
  STATE_VAULT_24:0 "Vault 24"
  STATE_BALDY_PEAK:0 "Baldy Peak"
  STATE_GALLO_MOUNTAINS:0 "Gallo Mountains"
  STATE_BLACK_RANGE:0 "Black Range"
  STATE_LOS_ALAMOS:0 "Los Alamos"
  STATE_TRUCHAS_PEAK:0 "Truchas Peak"
  STATE_SANGRE_DE_CRISTO:0 "Sangre de Cristo"
  STATE_WESTCLIFFE:0 "Westcliffe"
  STATE_GUNNISON:0 "Gunnison"
  STATE_UNCOMPAHGRE:0 "Uncompahgre"
  STATE_MOUNT_WILSON:0 "Mount Wilson"
  STATE_SILVERTON:0 "Silverton"
  STATE_ALAMOSA:0 "Alamosa"
  STATE_HOLY_CROSS:0 "Holy Cross"
  STATE_MOUNT_POWELL:0 "Mount Powell"
  STATE_CRYSTAL_DAGGERS:0 "Crystal Daggers"
  STATE_MANITOU_SPAINGS:0 "Manitou Springs"
  STATE_MEDICINE_BOW:0 "Medicine Bow"
  STATE_YAMPA_SPINE:0 "Yampa Spine"
  STATE_ELKHEAD:0 "Elkhead"
  STATE_MEEKEND:0 "Meekend"
  STATE_WALDEN:0 "Walden"
  STATE_SULPHUR_SPRINGS:0 "Sulphur Springs"
  STATE_WILLIAMS:0 "Williams"
  STATE_HOT_SULPHUR_SPRINGS:0 "Hot Sulphur Springs"
  STATE_NARROW:0 "Narrow"
  STATE_STEAMBOAT_SPRINGS:0 "Steamboat Springs"
  STATE_YAMPA:0 "Yampa"
  STATE_CRAIG:0 "Criag"
  STATE_LITTLE_SNAKE:0 "Little Snake"
  STATE_DEEPMINES:0 "The Deepmines"
  STATE_BURNED_FIELDS:0 "Burned Fields"
  STATE_SOUTHERN_LAGUNA_RANGE:0 "Southern Laguna Range"
  STATE_PUERTECITOS:0 "Puertecitos"
  STATE_PANGUITCH:0 "Panguitch"
  STATE_PAROWAN:0 "Parowan"
  STATE_SORROW_SEVIER:0 "Sorrow Sevier"
  STATE_VERMILLION_CLIFFS:0 "Vermillion Cliffs"
  STATE_KAIPAROWITS:0 "Kaiparowits"
  STATE_BATNEY:0 "Batney"
  STATE_ESCALANTE:0 "Escalante"
  STATE_KANAB:0 "Kanab"
  STATE_HURRICANE:0 "Hurricane"
  STATE_FORT_PIERCE:0 "Fort Pierce"
  STATE_GRAND_WASH:0 "Grand Wash"
  STATE_ST_GEORGE:0 "St. George"
  STATE_ESCALANTE_DESERT:0 "Escalante Desert"
  STATE_FRISCO_CITY:0 "Frisco City"
  STATE_INDIAN_PEAK:0 "Indian Peak"
  STATE_LINCOLN:0 "Lincoln"
  STATE_MEADOW_VALLEY:0 "Meadow Valley"
  STATE_CRICKET_MOUNTAINS:0 "Cricket Mountains"
  STATE_SEVIER_DESERT:0 "Sevier Desert"
  STATE_BEAVER_CITY:0 "Beaver City"
  STATE_JUNCTION:0 "Junction"
  STATE_OTTER_CREEK:0 "Otter Creek"
  STATE_LOA:0 "Loa"
  STATE_RED_HENRY:0 "Red Henry"
  STATE_ELLEN_WASTES:0 "Ellen Wastes"
  STATE_LAST_CHANCE:0 "Last Chance"
  STATE_CASTLE_DALE:0 "Castle Dale"
  STATE_PRICE:0 "Price"
  STATE_MANTI_RUINS:0 "Manti Ruins"
  STATE_NEW_NEPHI:0 "New Nephi"
  STATE_PAYSON:0 "Payson"
  STATE_FARFIELD:0 "Farfield"
  STATE_GLEN_CANYON:0 "Glen Canyon"
  STATE_UT-95:0 "UT-95"
  STATE_HANKSVILLE:0 "Hanksville"
  STATE_EAST_CARBON:0 "East Carbon"
  STATE_NINE_MILE_RANCH:0 "Nine Mile Ranch"
  STATE_ALTONAH:0 "Altonah"
  STATE_WILD_MOUNTAIN:0 "Wild Mountain"
  STATE_PROVO:0 "Provo"
  STATE_NEW_JERUSALEM:0 "New Jerusalem"
  STATE_TOOELE:0 "Tooele"
  STATE_NEW_CANAAN:0 "New Canaan"
  STATE_OLD_BRIGHAM:0 "Old Brigham"
  STATE_RANDOLPH:0 "Randolph"
  STATE_COALVILLE:0 "Coalville"
  STATE_EVANSTON:0 "Evanston"
  STATE_GREEN_RIVER:0 "Green River"
  STATE_SMOOT:0 "Smoot"
  STATE_JACKSON:0 "Jackson"
  STATE_SODA_SPRINGS:0 "Soda Springs"
  STATE_IDAHO_FALLS:0 "Idaho Falls"
  STATE_CASTLE_ROCKS:0 "Castle Rocks"
  STATE_ABERDEEN:0 "Aberdeen"
  STATE_TERRETON_WASTES:0 "Terreton Wastes"
  STATE_POCATELLO:0 "Pocatello"
  STATE_IDAHOME:0 "Idahome"
  STATE_BURLEY:0 "Burley"
  STATE_MURTAUGH:0 "Murtaugh"
  STATE_BOISE_RUINS:0 "Boise Ruins"
  STATE_MONTELLO:0 "Montello"
  STATE_ETNA:0 "Etna"
  STATE_LUCIN:0 "Lucin"
  STATE_KELTON:0 "Kelton"
  STATE_NORTH_ELDER_DESERT:0 "North Elder Desert"
  STATE_SOUTH_ELDER_DESERT:0 "South Elder Desert"
  STATE_ARAGONITE:0 "Aragonite"
  STATE_OASIS:0 "Oasis"
  STATE_WENDOVER:0 "Wendover"
  STATE_GOLD_HILL:0 "Gold Hill"
  STATE_PARTOUN:0 "Partoun"
  STATE_JERICHO:0 "Jericho"
  STATE_GARRISON:0 "Garrison"
  STATE_SWASEY_WASTELAND:0 "Swasey Wasteland"
  STATE_BLOODY_SALTS:0 "Bloody Salts"
  STATE_DEAD_HORSE_POINT:0 "Dead Horse Point"
  STATE_RUBY_VALLEY:0 "Ruby Valley"
  STATE_MCGILL:0 "McGill"
  STATE_LUND:0 "Lund"
  STATE_ADAVEN:0 "Adaven"
  STATE_CITY_318:0 "City 318"
  STATE_DUCKWATER:0 "Duckwater"
  STATE_THE_RIDGE:0 "The Ridge"
  STATE_EUREKA:0 "Eureka"
  STATE_JIGGS:0 "Jiggs"
  STATE_CRESCENT_VALLEY:0 "Crescent Valley"
  STATE_CARLIN:0 "Carlin"
  STATE_BEOWAWE:0 "Beowawe"
  STATE_WINNEMUCCA:0 "Winnemucca"
  STATE_BATTLE_MOUNTAIN:0 "Battle Mountain"
  STATE_TEAKETTLE_JUNCTION:0 "Teakettle Junction"
  STATE_OLD_BISHOP:0 "Old Bishop"
  STATE_RACHEL:0 "Rachel"
  STATE_OUTPOST_QUINN:0 "Outpost Quinn"
  STATE_RANGER_CITADEL:0 "Ranger Citadel"
  STATE_SCRAPHEAP:0 "Scrapheap"
  STATE_BLOODY_SPRINGS:0 "Bloody Springs"
  STATE_OUTPOST_MESA:0 "Outpost Mesa"
  STATE_BENTON:0 "Benton"
  STATE_BRIDGEPORT:0 "Bridgeport"
  STATE_HAWTHORNE:0 "Hawthorne"
  STATE_GABBS:0 "Gabbs"
  STATE_CARSON_CITY:0 "Carson City"
  STATE_FALLON:0 "Fallon"
  STATE_TOBIN_WASTELAND:0 "Tobin Wasteland"
  STATE_MOUNT_JEFFERSON:0 "Mount Jefferson"
  STATE_VIPER_NEST:0 "Viper Nest"
  STATE_THE_305:0 "The 305"
  STATE_GOLCONDA:0 "Golconda"
  STATE_PARADISE_VALLEY:0 "Paradise Valley"
  STATE_RED_HOUSE:0 "Red House"
  STATE_KLONDEX:0 "Klondex"
  STATE_ELKO:0 "Elko"
  STATE_TUSCARORA:0 "Tuscarora"
  STATE_CHARLESTONE:0 "Charlestone"
  STATE_MOUNTAIN_CITY:0 "Mountain City"
  STATE_DICKENS:0 "Dickens"
  STATE_DICKSHOOTER:0 "Dickshooter"
  STATE_MOUNTAIN_HOME_AFB:0 "Mountain Home AFB"
  STATE_IMLAY:0 "Imlay"
  STATE_NEW_RENO_OUTSKIRTS:0 "New Reno Outskirts"
  STATE_SIERRA_ARMY_DEPOT:0 "Sierra Army Depot"
  STATE_CHESTER:0 "Chester"
  STATE_AGUA_PRIETA:0 "Agua Prieta"
  STATE_DEEP_SPRINGS:0 "Deep Springs"
  STATE_WHITE_RANGE:0 "White Range"
  STATE_ILLUMINATED_PEAKS:0 "Illuminated Peaks"
  STATE_SUNNY_STONES:0 "Sunny Stones"
  STATE_GLOWING_HILLS:0 "Glowing Hills"
  STATE_NIXON:0 "Nixon"
  STATE_NANNIES:0 "Nannies"
  STATE_STAG:0 "Stag"
  STATE_DORRIS:0 "Dorris"
  STATE_MEDFORD:0 "Medford"
  STATE_LOVELOCK:0 "Lovelock"
  STATE_ZION:0 "Zion"
  STATE_BRYCE:0 "Bryce"

  # Eastern Canada
  STATE_KUNG:0 "Kung"
  STATE_GRAMSHAR:0 "Gramshar"
  STATE_MORES:0 "Mores"
  STATE_FROZEN_ISLES:0 "Frozen Isles"
  STATE_SKAGWAY:0 "Skagway"
  STATE_ATLIN_DEADLANDS:0 "Atlin Deadlands"
  STATE_HARTLEY_HAVEN:0 "Hartley Haven"
  STATE_OLD_REMO:0 "Old Remo"
  STATE_SANTAS_WORKSHOP:0 "Santa's Workshop"
  STATE_KITESSING_TERRITORY:0 "Kitessing Territory"
  STATE_PITTS_COVE:0 "Pitts Cove"
  STATE_KLEMTU:0 "Klemtu"
  STATE_SMITHERS_LANDING:0 "Smithers Landing"
  STATE_PINK_MOUNTAIN:0 "Pink Mountain"
  STATE_HUDSONS_HOPE:0 "Hudson's Hope"
  STATE_FORT_NELSON:0 "Fort Nelson"
  STATE_CRYSDALE:0 "Crysdale"
  STATE_OLD_SHAFTSON:0 "Old Shaftson"
  STATE_MANSONS_LAND:0 "Manson's Land"
  STATE_GRAVEN_INLET:0 "Graven Inlet"
  STATE_DAWNSONS_LANDING:0 "Dawson's Landing"
  STATE_SILVERTHRONE:0 "Silverthrone"
  STATE_HANGMANS_SOUND:0 "Hangman's Sound"
  STATE_TWEEDSMUIR:0 "Tweedsmuir"
  STATE_PRINCE_GEORGE:0 "Prince George"
  STATE_HIXON:0 "Hixon"
  STATE_HIMATHKO_RANGE:0 "Himathko Range"
  STATE_SALTERY:0 "Saltery"
  STATE_TANTALUSS_PAIN:0 "Tantalus' Pain"
  STATE_EARLS_COVE:0 "Earl's Cove"
  STATE_SECHET:0 "Sechet"
  STATE_DAWSON_CREEK:0 "Dawnson Creek"
  STATE_TUMBLER_RIDGE:0 "Tumbler Ridge"
  STATE_VALEMOUNT_CACHE:0 "Valemount Cache"
  STATE_CLENDINN:0 "Clendinn"
  STATE_WHISTLER:0 "Whistler"
  STATE_ALVIN_BLEAK:0 "Alvin Bleak"
  STATE_WINTER_HARBOUR:0 "Winter Harbour"
  STATE_ATLUCK:0 "Atluck"
  STATE_ATLIN:0 "Atlin"
  STATE_GOLDEN_PEAKS:0 "Golden Peaks"
  STATE_COMOX:0 "Comox"
  VICTORY_POINTS_4440:0 "Campbell River"
  VICTORY_POINTS_4453:0 "Comox"
  VICTORY_POINTS_4453:0 "Comox"
  STATE_NANAIMO:0 "Nanaimo"
  VICTORY_POINTS_1963:0 "Port Alberni"
  STATE_NEW_VICTORIA:0 "New Victoria"
  VICTORY_POINTS_4449:0 "Duncan"
  STATE_NORTH_KOOVER:0 "North Koover"
  STATE_KOOVER:0 "Koover"
  STATE_CLEARWATER:0 "Clearwater"
  STATE_EQUIDAE_BITE:0 "Equidae Bite"
  STATE_BARKERVILLE:0 "Barkerville"
  STATE_KAMLO:0 "Kamlo"
  STATE_SMILKAMEAN:0 "Smilkamean"
  VICTORY_POINTS_3845:0 "Standing Rock"
  STATE_HEAD_LAKE:0 "Head of the Lake"
  STATE_CHILLWA:0 "Chillwa"
  STATE_WESTBANK:0 "Westbank"
  STATE_BELLINGHAM:0 "Bellingham"
  STATE_PRIESTFORD:0 "Priestford"
  STATE_UPPER_NICOLA:0 "Upper Nicola"
  STATE_REVELSTOKE:0 "Revelstoke"
  STATE_COLVILLE:0 "Colville"
  STATE_OSOYOOS:0 "Osoyoos"
  STATE_WHISTLER:0 "Whistler"
  STATE_ENUMCLAW:0 "Enumclaw"
  STATE_CHERRYVILLE:0 "Cherryville"
  # Washington State
  STATE_BEDAL:0 "Bedal"
  STATE_WENACHEE:0 "Wenachee"
  STATE_SOQUALMEE_PASSAGE:0 "Soqualmee Passage"
  STATE_WHITE_SPRAWL:0 "White Sprawl"
  STATE_RHOMBUS_ISLAND:0 "Rhombus Island"
  STATE_MOUNT_OLYMPUS:0 "Mount Olympus"
  STATE_KODIAK_BASE:0 "Kodiak Base"
  STATE_WAATCH_ENCLAVE:0 "Waatch Enclave"
  STATE_CASTLE_WILDLANDS:0 "Castle Wildlands"
  STATE_EAST_PORTLAND:0 "East Portland"
  VICTORY_POINTS_3886:0 "Fort Willamette"
  VICTORY_POINTS_8567:0 "Gresham"
  STATE_GRESHAM:0 "Gresham"
  STATE_ILLWICAN_STRETCH:0 "Illwican Stretch"
  STATE_LONGVIEW:0 "Longview"
  STATE_THE_MAW:0 "The Maw"
  STATE_CLATSKANIE:0 "Clatskanie"
  STATE_MT_ST_HELENS:0 "Mount St. Helens"
  VICTORY_POINTS_3897:0 "Vault 6"
  STATE_KENNEWICK:0 "Kennewick"
  STATE_YAKAMA:0 "Yakama"
  VICTORY_POINTS_1938:0 "Equidae Sanctuary"
  STATE_PAHTO:0 "Pahto"
  STATE_THE_COUVE:0 "The Couve"
  STATE_THE_SOUND:0 "The Camp"
  VICTORY_POINTS_3902:0 "Mt St Helens"
  STATE_TILLAMOOK:0 "Tillamook"
  STATE_CANNIBAL_TERRITORIES:0 "Cannibal Territories"
  STATE_GOLD_BAR:0 "Gold Bar"
  STATE_CAPITOL_HILL:0 "Capitol Hill"
  STATE_PALISADES:0 "Palisades"
  STATE_PASCO_TOWNSHIP:0 "Pasco Township"
  STATE_ELECTRIC_CITY:0 "Electric City"
  STATE_FORT_SPOKANE:0 "Fort Spokane"
  STATE_COEUR_DALENE:0 "Coeur d'Alene"
  STATE_JOSO:0 "Joso"
  STATE_HARRINGTON:0 "Harrington"
  STATE_SPOKANE:0 "Spokane"
  STATE_CLOVERLAND:0 "Cloverland"
  STATE_CLAGSTAN:0 "Clagstan"
  STATE_EDGEMERE:0 "Edgemere"
  STATE_POST_FALLS:0 "Post Falls"
  STATE_COER_HILLS:0 "Coer Hills"
  STATE_TWO_HARBOUR:0 "Two Harbour"
  STATE_KITSAP_PENINSULA:0 "Kitsap Peninsula"
  VICTORY_POINTS_9231:0 "Vashon Island"
  STATE_SAN_JUAN_ISLANDS:0 "San Juan Islands"
  VICTORY_POINTS_9257:0 "Lopez Island"
  VICTORY_POINTS_9258:0 "San Juan Island"
  VICTORY_POINTS_9260:0 "Orcas Island"
  # Oregon
  STATE_WEST_PORTLAND:0 "West Portland"
  VICTORY_POINTS_7082:0 "Ross Island Bridge"
  VICTORY_POINTS_1952: "Downtown Portland"
  VICTORY_POINTS_3868: "Pearl District"
  STATE_HOOD_SETTLEMENTS:0 "Hood Settlements"
  STATE_KINGSLEY:0 "Kingsley"
  STATE_REDMOND:0 "Redmond"
  STATE_PRINEVILLE:0 "Prineville"
  STATE_SERVICE_CREEK:0 "Service Creek"
  STATE_SALEM:0 "Salem"
  STATE_ALBANY:0 "Albany"
  STATE_BRIGHTENBUSH:0 "Brightenbush"
  STATE_BELKNAP_SPRINGS:0 "Belknap Springs"
  STATE_ELKHORN:0 "Elkhorn"
  STATE_FEEDING_GROUNDS:0 "Feeding Grounds"
  STATE_CARCASS_WASTES:0 "Carcass Wastes"
  STATE_THE_WARREN:0 "The Warren"
  STATE_CROWLANDS:0 "Crowlands"
  STATE_CULP_CREEK:0 "Culp Creek"
  STATE_LENEVE:0 "Leneve"
  STATE_ARAGO:0 "Arago"
  STATE_CAMAS_VALLEY:0 "Camas Valley"
  STATE_CRATER_LAKE:0 "Crater Lake"
  STATE_SIXES:0 "Sixes"
  STATE_ARROYO:0 "Arroyo"
  STATE_FREMONT:0 "Fremont"
  STATE_WALLA_WALLA:0 "Walla Walla"
  STATE_CLARKSTON:0 "Clarkston"
  STATE_PENDLETON:0 "Pendleton"
  STATE_GREENHORN:0 "Greenhorn"
  STATE_ENTERPRISE:0 "Enterprise"
  STATE_JORDAN_VALLEY:0 "Jordan Valley"
  STATE_CROWSHAVEN:0 "Crowshaven"
  STATE_BURNS_SHIELD:0 "Burns Shield"
  STATE_HART_WASTES:0 "Hart Wastes"
  STATE_STEENS_WATCH:0 "Steens Watch"
  STATE_BLY:0 "Bly"
  STATE_CHEMULT_STATION:0 "Chemult Station"
  STATE_ADEL_BADLANDS:0 "Adel Badlands"
  STATE_FIELDS_POINT:0 "Fields Point"
  STATE_ROMEMARCH:0 "Romemarch"
  STATE_BEND_RALLEY:0 "Bend Ralley"
  STATE_BROKEN_TOP:0 "Broken Top"
  VICTORY_POINTS_4178: "Pass Resort"
  STATE_CAMP_SHERMAN:0 "Camp Sherman"
  STATE_LA_PINE:0 "La Pine"
  STATE_ANTELOPE_RESERVATION:0 "Antelope Reservation"
  STATE_DENIO:0 "Denio"
  STATE_SILVIES:0 "Silvies"
  # Idaho
  STATE_NEW_THEBES:0 "New Thebes"
  STATE_MERIDIAN:0 "Meridian"
  STATE_MEADOWOPOLIS:0 "Meadowopolis"
  STATE_SETH_RANGE:0 "Seth Range"
  STATE_DEHNEH:0 "Dehneh"
  STATE_STAGLEAP:0 "Stagleap"
  STATE_NORDMAAN:0 "Nordmann"
  STATE_TALACHE:0 "Talache"
  STATE_GRANITE_BARSCH:0 "Granite Barsch"
  STATE_VERLORENE_SPUR:0 "Verlorene Spur"
  STATE_KALISCHPEEL:0 "Kalischpeel"
  STATE_HANH:0 "Hanh"
  STATE_DIETRICH:0 "Dietrich"
  STATE_HAGERMANN:0 "Hagermann"
  STATE_BLAINE:0 "Blaine"
  STATE_FERDINAND:0 "Ferdinand"
  STATE_WEIPPE:0 "Weippe"
  STATE_BURGDORF:0 "Burgdorf"
  STATE_SCHWARZSCHWANZ:0 "Schwarzschwans"
  STATE_TWIN_BRIDGES:0 "Twin Bridges"
  STATE_BLUE_DOME:0 "Blue Dome"
  STATE_PROPHETS_HOLLOW:0 "Prophet's Hollow"
  STATE_YELLOWSTONE:0 "Yellowstone"
  # Mexico
  STATE_MEXTICACAN:0 "Mexticacan"
  STATE_PUERTO_VALLAITS:0 "Puerto Vallarta"
  STATE_GUADALAJARA:0 "Guadalajara"
  STATE_SAN_CARLOS:0 "San Carlos"
  STATE_TZINTZUNTZAN:0 "Tzintzuntzan"
  STATE_SAN_JUAN_DEL_RIO:0 "San Juan del Rio"
  STATE_TEPIC:0 "Tepic"
  STATE_THE_REFINERY:0 "The Refinery"
  STATE_TAMIAHUA:0 "Tamiahua"
  STATE_XMA_SUTAL_MASKAB_HATSIK:0 "Xma' Su'tal Maskab Hatsik"
  STATE_CHICHEN_ITZA:0 "Chichén Itzá"
  STATE_CANCUN_KAAH:0 "Cancún Kaah"
  STATE_TAMPICO:0 "Tampico"
  STATE_CIUDAD_VICTORIA:0 "Ciudad Victoria"
  STATE_LA_PESCA:0 "La Pesca"
  STATE_REYNOSA:0 "Reynosa"
  STATE_CIUDAD_MIGUEL_ALEMAN:0 "Ciudad Miguel Aleman"
  STATE_CHALCHIHUITES:0 "Chalchihuites"
  STATE_CIUDAD_VALLES:0 "Ciudad Valles"
  STATE_SANCTUARY:0 "Sanctuary"
  STATE_DECREPIT_DEFENCES:0 "Decrepit Defences"
  STATE_LEON:0 "Leon"
  STATE_AGUASCALIENTES:0 "Aguascalientes"
  STATE_ZACATECAS:0 "Zacatecas"
  STATE_DURANGO:0 "Durango"
  STATE_MAZATLAN:0 "Mazatlan"
  STATE_CULIACAN:0 "Culiacán"
  STATE_GUAMUCHIL:0 "Guamúchil"
  STATE_LOS_MOCHIS:0 "Los Mochis"
  STATE_NAVOJOA:0 "Navojoa"
  STATE_DIMAS:0 "Dimas"
  STATE_NUEVO_IDEAL:0 "Nuevo Ideal"
  STATE_PARRAL:0 "Parral"
  STATE_THE_FORUM:0 "El Foro"
  STATE_HAUJIMIC:0 "Haujimic"
  STATE_LA_MASITA:0 "La Masita"
  STATE_GOLDENHOME:0 "Goldenhome"
  STATE_RADIOACTIVE_TEAR:0 "Radioactive Tear"
  STATE_THE_GLOWING_ASH:0 "The Glowing Ash"
  STATE_SATELLITE_GRAVEYARD:0 "Satellite Graveyard"
  STATE_SAN_LUIS_POTOSI:0 "San Luis Potosi"
  STATE_FORLORN_SLIPWAY:0 "Forlorn Slipway"
  STATE_TLALOCS_LAIR:0 "Tlaloc's Lair"
  STATE_THE_GREAT_SILO:0 "The Great Silo"
  STATE_NUCLEAR_CARTILAGE:0 "Nuclear Cartilage"
  STATE_LINARES:0 "Linares"
  STATE_TORREON:0 "Torreon"
  STATE_MONTERREY:0 "Monterrey"
  STATE_RUINED_DEPOT:0 "Ruined Depot"
  STATE_GLORIA:0 "Gloria"
  STATE_NUEVO_LAREDO:0 "Nuevo Laredo"
  STATE_ARMAGEDDON_ESTACION:0 "Armageddon Estación"
  STATE_MONCLOVA:0 "Monclova"
  STATE_RANCHO_PROSPERO:0 "Rancho Próspero"
  STATE_HIERRO_PUEBLO:0 "Hierro Pueblo"
  STATE_CARBON_PUEBLO:0 "Carbón Pueblo"
  STATE_RIOS_STEEL_HEART:0 "Rio's Steel Heart"
  STATE_DESIERTO_FLORAL:0 "Desierto Floral"
  STATE_VERGUENZA_DE_LA_LEGION:0 "Vergüenza de la Legión"
  STATE_YECORA:0 "Yécora"
  STATE_EL_VALLE_DE_LOS_ADICTOS:0 "El Valle de los Adictos"
  STATE_EL_MUELLE:0 "El Muelle"
  STATE_EL_RIO_DEL_DISTRIBUTOR:0 "El río del Distribuidor"
  STATE_LAS_COLINAS_DEL_CONFLICTO:0 "Las Colinas Del Conflicto"
  STATE_EL_BANO_DE_SANGRE:0 "El Baño de Sangre"
  STATE_CEROCAHUI:0 "Cerocahui"
  STATE_VINATERIAS:0 "Vinaterias"
  STATE_EL_ZAPE:0 "El Zape"
  STATE_COLMENA_DEL_DISTRIBUIDOR:0 "Colmena del Distribuidor"
  STATE_CAMINO_A_LOS_AZTECAS:0 "Camino a los Aztecas"
  STATE_MEXICO_CITY:0 "Mexico City"
  STATE_PUEBLA_CITY:0 "Puebla City"
  STATE_TOLUCA:0 "Toluca"
  STATE_MORELOS:0 "Morelos"
  STATE_PATZCUARO:0 "Pátzcuaro"
  STATE_URUAPAN:0 "Uruapan"
  STATE_MANZANILLO:0 "Manzanillo"
  STATE_LAZARO_CARDENAS:0 "Lázaro Cárdenas"
  STATE_ZIHUATANEJO:0 "Zihuatanejo"
  STATE_COYUQUILLA_NORTE:0 "Coyuquilla Norte"
  STATE_ACAPULCO:0 "Acapulco"
  STATE_CHILPANCINGO:0 "Chilpancingo"
  STATE_TEHUACAN:0 "Tehuacán"
  STATE_LA_LIBERACION_DEL_CIELO:0 "La Liberación del Cielo"
  STATE_XALAPA:0 "Xalapa Kaah"
  STATE_HEROICA_VERACRUZ:0 "Nohoch A'-k'iin Kaah"
  STATE_TLAXCALA:0 "He'la' Uuchben Ts'oon"
  STATE_LA_TUMBA_COMPARTIDA:0 "La Tumba Compartida"
  STATE_COATZACOALCOS:0 "Coatzacoalcos Kaah"
  STATE_LA_SELVA_DE_LA_MUERTE:0 "La Selva de la Muerte"
  STATE_CARDENAS:0 "Cárdenas Kaah"
  STATE_CIUDAD_DEL_CARMEN:0 "Ciudad del Carmen"
  STATE_CAMPECHE:0 "Campeche Kaah"
  STATE_CHETUMAL:0 "Nohoch A'-ha' Kaah"
  STATE_LA_ULTIMA_RESISTENCIA_DE_MEXICO:0 "La Última Resistencia de México"
  STATE_BELIZE_CITY:0 "Belize Kaah"
  STATE_OAXACA:0 "Oaxaca"
  STATE_LAS_COLINAS_DE_ORO:0 "Las Colinas de Oro"
  STATE_JUCHITAN_DE_ZARAGOZA:0 "Juchitán de Zaragoza"
  STATE_LA_PLANTACION:0 "La Plantacion"
  STATE_VILLAHERMOSA:0 "Villahermosa"
  STATE_TUXTLA_GUTIERREZ:0 "Tuxtla Gutiérrez"
  STATE_COMITAN:0 "Comitán"
  STATE_LAS_MONTANAS_DEL_REFUGIO:0 "Las Montañas del Refugio"
  STATE_HUEHUETENANGO:0 "Huehuetenango"
  STATE_SAN_PEDRO_SULA:0 "San Pedro Sula"
  STATE_LA_CEIBA:0 "La Ceiba"
  STATE_EL_ASTILLERO_DEL_COMANDANTE:0 "El Astillero del Comandante"
  STATE_LAS_ISLAS_MAYAS:0 "Las Islas Mayas"
  STATE_XOCHICALCO:0 "Xochicalco"
  STATE_CARMEN_KAAH:0 "Carmen Kaah"
  STATE_MERIDA_KAAH:0 "Mérida Kaah"
  STATE_BELIZE_KAAH:0 "Belize Kaah"
  STATE_CHICHAN_BELIZE:0 "Chichan Belize"
  STATE_TURNEFFE_K'AL'HAAL_A'-HA':0 "Turneffe K'al'haal A'-ha'"
  STATE_TANTUN_CUZAMIL:0 "Tantun Cuzamil"
  STATE_POPTUN_KAAH:0 "Poptún Kaah"
  # Texas
  STATE_LAREDO:0 "Laredo"
  STATE_EAGLE_PASS:0 "Eagle Pass"
  STATE_CRYSTAL_CITY:0 "Crystal City"
  STATE_UVALDE:0 "Uvalde"
  STATE_TEXAN_ESTATE:0 "T.A.A. Estate"
  STATE_EDWARDS_PLATEAU:0 "Edward's Plateau"
  STATE_PARIS:0 "Paris"
  STATE_THE_MONT:0 "The Mont"
  STATE_HOUSTON:0 "Houston"
  STATE_SULPHURTOWN:0 "Sulphurtown"
  STATE_LIBERCITY:0 "Libercity"
  STATE_CARTHAGE:0 "Carthage"
  STATE_JASPER:0 "Jasper"
  STATE_DALLAS:0 "Dallas"
  STATE_FORT_WORTH:0 "Fort Worth"
  STATE_HUNTSVILLE:0 "Huntsville"
  STATE_ATHENS:0 "Athens"
  STATE_HILLSBORO:0 "Hillsboro"
  STATE_CRACKETT:0 "Crackett"
  STATE_VERNON:0 "Vernon"
  STATE_MATADOR_CITY:0 "Matador City"
  STATE_KXII_STATION:0 "KXII Station"
  STATE_WICHITA_FALLS:0 "Wichita Falls"
  STATE_THE_CORPSE:0 "The Corpse"
  STATE_RICHMOND:0 "Richmond"
  STATE_MCALLEN:0 "McAllen"
  STATE_RIO_GRANDE_CITY:0 "Rio Grande City"
  STATE_FORGE_OF_GIANTS:0 "Forge of Giants"
  STATE_SAN_ANTONIO:0 "San Antonio"
  STATE_COLUMBUS:0 "Columbus"
  STATE_NIXONTOWN:0 "Nixontown"
  STATE_FORT_HOOD:0 "Fort Hood"
  STATE_PORT_LAVACA:0 "Port Lavaca"
  STATE_BRENHAM:0 "Brenham"
  STATE_WACO:0 "Waco"
  STATE_GRANBURY:0 "Granbury"
  STATE_AUSTIN:0 "Austin"
  STATE_SAN_MARCOS:0 "San Marcos"
  STATE_JOHNSON_CITY:0 "Johnson City"
  STATE_MUTIE_PLAINS:0 "Mutie Plains"
  STATE_HONDO:0 "Hondo"
  STATE_KERRVILLE:0 "Kerrville"
  STATE_LONESTAR:0 "Lone Star"
  STATE_BROWNWOOD:0 "Brownwood"
  STATE_COLEMAN:0 "Coleman"
  STATE_SAN_SABA:0 "San Saba"
  STATE_BRACKENRIDGE:0 "Brackenridge"
  STATE_HASKELL:0 "Haskell"
  STATE_LUBBOCK:0 "Lubbock"
  STATE_SNYDER:0 "Snyder"
  STATE_LEETOWN:0 "Leetown"
  STATE_ODESSA:0 "Odessa"
  STATE_CARBON:0 "Carbon"
  STATE_MATRONS_MILL:0 "Matron's Mill"
  VICTORY_POINTS_2850: "Scorpion Crater"
  VICTORY_POINTS_11528: "Matron's Mill"
  STATE_FORT_STOCKTON:0 "Fort Stockton"
  STATE_OZONA:0 "Ozona"
  STATE_DEAD_PLAINS:0 "Dead Plains"
  VICTORY_POINTS_11634:0 "Dean's Boatland Emporium"
  STATE_BRADY:0 "Brady"
  STATE_EDEN:0 "Eden"
  STATE_PLAINVIEW:0 "Plainview"
  STATE_CANNON_AFB:0 "Cannon AFB"
  STATE_LOS:0 "Los"
  VICTORY_POINTS_5615: "Secret Vault Ruins"
  VICTORY_POINTS_5616: "Los Bridgeway"
  STATE_GLADIATOR_PITS:0 "Gladiator Pits"
  STATE_ARMADILLO:0 "Armadillo"
  STATE_ARMSTRONG:0 "Armstrong"
  STATE_MOUNTAIN_HOME:0 "Mountain Home"
  STATE_BOWIE:0 "Bowie"
  STATE_SPEARMAN:0 "Spearman"
  STATE_CASTRA_SOL_RUBRUM:0 "Castra Sol Rubrum"
  STATE_THE_STAGING_GROUNDS:0 "The Staging Grounds"
  STATE_CASTRUM_MARS:0 "Castrum Mars"
  STATE_CASTRUM_Saltus: "Castrum Saltus"

  # Oklahoma
  STATE_THE_BIG_SPEND:0 "The Big Spend"
  STATE_THE_STRETCH:0 "The Stretch"
  STATE_CORRODED_FIELDS:0 "Corroded Fields"
  STATE_CHICKASHA:0 "Chickasha"
  STATE_FORT_SUPPLY:0 "Fort Supply"
  STATE_WATONGA_CORRECTIONAL_COMPOUND:0 "Watonga Correctional Compound"
  VICTORY_POINTS_12215:0 "The Chapel"
  STATE_GUYMON_JUNCTION:0 "Guymon Junction"
  VICTORY_POINTS_2987:0 "Painted Rock"
  STATE_IDABEL:0 "Idabel"
  STATE_POTEAU:0 "Poteau"
  STATE_FIRST_PEOPLES_JUNCTION:0 "First People's Junction"
  STATE_TAHLEQUAH:0 "Tahlequah"
  STATE_TULSA:0 "Tulsa"
  STATE_SHAWNEE:0 "Shawnee"
  STATE_NATIONAL_GUARD_ENCAMPMENT:0 "National Guard Station Encampment"
  STATE_OKLAHOMA_CITY:0 "Oklahoma City"
  STATE_ENID_DEFENCE_ZONE:0 "Enid Defence Zone"

  # Louisiana
  STATE_SHREVEPORT:0 "Shreveport"
  STATE_NATCHITOCHES:0 "Natchitoches"
  STATE_ALEXANDRIA:0 "Alexandria"
  STATE_LAFAYETTE:0 "Lafayette"
  STATE_MOSS_BLUFF:0 "Moss Bluff"
  STATE_THE_CANNERY:0 "The Cannery"

  # Arkansas
  STATE_TEXARKANA:0 "Texarkana"
